type;full name;name;director;address;phone number;site
Областные центры дополнительного образования;государственное бюджетное учреждение дополнительного образования Ростовской области «Региональный центр выявления и поддержки одаренных детей «Ступени успеха»;"ГБУ ДО РО ""Ступени успеха""";Воронина Елизавета Анатольевна;344002, г. Ростов-на-Дону, ул. Тургеневская, 48а/14;8(863)-240-70-02;http://stupeni-uspeha.ru/
Областные центры дополнительного образования;государственное бюджетное учреждение дополнительного образования Ростовской области Областной экологический центр учащихся;ГБУ РО РМЦДОД;Ларионова Наталья Викторовна;344023 г. Ростов-на-Дону, пр. Ленина, 243;8(863) 308-91-01;http://ecocenter-rostov.ru/
Областные центры дополнительного образования;Государственное образовательное учреждение дополнительного образования детей Областной центр технического творчества учащихся;ГБУ ДО РО ОЦТТУ;Коц Анатолий Александрович;344019 г. Ростов-на-Дону, ул. В.Закруткина, 67;863-251-22-81;http://www.untehdon.ru/
Общеобразовательные школы-интернаты;Государственное бюджетное общеобразовательное учреждение Ростовской области «Каменск-Шахтинская школа-интернат»;ГБОУ РО «Каменск-Шахтинская школа-интернат»;Пискунова Галина александровна;ул. Пивоварова, 16, г. Каменск-Шахтинский, Ростовская область, 347800;(86365)-4-04-96, (86365)-4-28-07;http://boarding-school2.ru
Общеобразовательные школы-интернаты;Государственное бюджетное общеобразовательное учреждение Ростовской области «Неклиновская школа-интернат с первоначальной летной подготовкой им. Четвертой Краснознаменной Воздушной Армии»;ГБОУ РО «Неклиновская школа-интернат с первоначальной летной подготовкой им. Четвертой Краснознаменной Воздушной Армии»;Гольдберг Леонид Исаакович;346840,Ростовская область,Неклиновский район,с. Николаевка ,Юго-Восточная территория;8(8634) 60-39-98;http://www.noshisplp.ru/
Общеобразовательные школы-интернаты;Государственное бюджетное общеобразовательное учреждение Ростовской области «Новочеркасская школа-интернат»;ГБОУ РО «Новочеркасская школа-интернат»;Новикова Наталья Петровна;ул. Дубовского, 38, г.Новочеркасск, 346400;(86352)-2-71-99, (86352)-4-62-01;http://новочеркасск-интернат.рф/
Общеобразовательные школы-интернаты;Государственное бюджетное общеобразовательное учреждение Ростовской области «Новошахтинская школа-интернат»;ГБОУ РО Новошахтинская школа-интернат;Аверьянова Светлана Юрьевна;346900 Россия, Ростовская область,  г. Новошахтинск,  ул. Харьковская,  8а;8(86369) 2-38-58;http://schol-internat.ucoz.ru/
Общеобразовательные школы-интернаты;Государственное бюджетное общеобразовательное учреждение Ростовской области «Ростовская-на-Дону школа-интернат музыкантских воспитанников»;ГБОУ РО «Ростовская-на-Дону школа-интернат музыкантских воспитанников»;Плетнева Наталья Юрьевна;Российская Федерация, 344025, Ростовская обл, г. Ростов-на-Дону, пл. Толстого, 3-5;+7(863)251-09-63;http://shmv63.ru
Общеобразовательные школы-интернаты;Государственное бюджетное общеобразовательное учреждение Ростовской области «Семичанская школа-интернат» Дубовского района;ГБОУ РО «Семичанская школа-интернат» Дубовского района;Чопурян Наталья Николаевна;347400, ул. Ленина 1  х. Семичный, Дубовский район, Ростовская область;(86377)-54-4-07;http://www.semich-shk-int.znaet.ru/
Общеобразовательные школы-интернаты;Государственное бюджетное общеобразовательное учреждение Ростовской области «Таганрогский педагогический лицей-интернат»;ГБОУ РО «Таганрогский педагогический лицей-интернат»;Кочеткова Ольга Аркадьевна;ул.Комарова, 30, г.Таганрог, 347913;(86343)-3-16-11;http://tagpedlicey.ru/
Общеобразовательные школы-интернаты;Государственное бюджетное общеобразовательное учреждение Ростовской области «Цимлянская школа-интернат»;ГБОУ РО «Цимлянская школа-интернат»;Кочергина Любовь Анатольевна;ул.К.Маркса, 10, г.Цимлянск, 347320;(86391)-2-13-98, (86391)-2-25-19;http://cimlinter.ucoz.ru/
Общеобразовательные школы-интернаты;Государственное бюджетное общеобразовательное учреждение Ростовской области «Шолоховская школа-интернат»;ГБОУ РО «Шолоховская школа-интернат»;Попов Николай Анатольевич; 347022, Ростовская область, Белокалитвинский район,р.п.Шолоховский, ул. М.Горького,1;(86383)-5-43-18, (86383)-5-43-35;http://шолоховский-интернат.рф
Организация дополнительного профессионального образования;Государственноe бюджетноe учреждениe дополнительного профессионального образования Ростовской области «Ростовский институт повышения квалификации и профессиональной переподготовки работников образования»;ГБУ ДПО РО РИПК и ППРО;Хлебунова Сарра Федоровна;344011 г. Ростов-на-Дону, пер. Гвардейский, 2/51;863-267-56-00;http://ripkro.ru
Профессиональная образовательная организация;Государственное автономное профессиональное образовательное учреждение Ростовской области «Батайское профессиональное училище № 108»;ГАПОУ РО «Батайское профессиональное училище № 108»;Зайцев Виталий Петрович;346880, Ростовская область,Г. Батайск, ул.Вильямса, 2а;8-(86354)7-05-34;http://pu108.ru/
Профессиональная образовательная организация;Государственное автономное профессиональное образовательное учреждение Ростовской области «Донской банковский колледж»;ГАПОУ РО «Донской банковский колледж»;Джегунцов Артем Николаевич;344037, г. Ростов-на-Дону, пл. Базарная, дом 4,;"+7 (863)283-14-48; (863)283-14-42; (863)223-62-24";http://gaudbt.ru/
Профессиональная образовательная организация;Государственное автономное профессиональное образовательное учреждение Ростовской области «Ростовский колледж рекламы, сервиса и туризма «Сократ»; ГАПОУ РО «Ростовский колледж рекламы, сервиса и туризма «Сократ»;Ковалев Алексей Юрьевич;344006,г. Ростов-на-Дону, ул. Социалистическая, 126,;"(863)263-71-99;263-44-82";http://sokrat-r.ru
Профессиональная образовательная организация;"Государственное бюджетное профессиональное образовательное учреждение ""Ростовский индустриально-полиграфический техникум""";": ГБПОУ РО ""РИПТ""";Вигера Анна Михайловна;"344111, Ростовская область, г. Ростов-на-Дону, 
пр.40-летия Победы, 95";"(863)257-44-98;(863)269-14-92";http://ript-rnd.ru
Профессиональная образовательная организация;"государственное бюджетное профессиональное образовательное учреждение Ростовской области ""Каргинский аграрно-технологический техникум"" имени В.Е. Теплухина";ГБПОУ РО «КАТТ»;Ганнова Оксана Анатольевна;346240, Ростовская область, Боковский район, ст. Каргинская, ул. Совхозная, 15;"8-(86382)3-48-39;";http://pu96kargin.ru/
Профессиональная образовательная организация;"Государственное бюджетное профессиональное образовательное учреждение Ростовской области ""Миллеровский техникум агропромышленных технологий и управления (ДСХТ)""";"ГБПОУ  РО ""МТАТиУ (ДСХТ)""";Курман Николай Викторович;346131, Ростовская область, Миллеровский район, г. Миллерово, ул.квартал ДСХТ 29, корпус 1;(86385)2-85-71, факс: (86385)2 -85-70,;http://www.дсхт.рф
Профессиональная образовательная организация;Государственное бюджетное профессиональное образовательное учреждение Ростовской области «Азовский гуманитарно-технический колледж»;ГБПОУ РО «Азовский гуманитарно-технический колледж»;Мацынин Сергей Николаевич;346780 Ростовская область, г. Азов, ул. Мира, 41;(86342)4-01-33;http://agtk-azov.ru/
Профессиональная образовательная организация;Государственное бюджетное профессиональное образовательное учреждение Ростовской области «Азовское профессиональное училище № 45»;ГБПОУ РО «Азовское профессиональное училище № 45»;Петров Андрей Александрович;346780, Ростовская область, г. Азов, проезд Литейный, 9/22.;8-(86342) 6-71-21;http://pu45-azov.ru/
Профессиональная образовательная организация;государственное бюджетное профессиональное образовательное учреждение Ростовской области «Аксайский технологический техникум»;ГБПОУ РО «Аксайский технологический техникум»;Боровков Сергей Борисович;346720, Ростовская область, Аксайский район, г. Аксай, ул. Шевченко, 156;8-(86350)5-45-66;http://att-aksay.ru/
Профессиональная образовательная организация;Государственное бюджетное профессиональное образовательное учреждение Ростовской области «Аксайское профессиональное училище № 56»;ГБПОУ РО ПУ № 56;Босова Татьяна Васильевна;346720, Ростовская область г. Аксай, ул. Шолохова, 4;8-(86350)5-52-48;http://aksay-pu56.gauro-riacro.ru
Профессиональная образовательная организация;Государственное бюджетное профессиональное образовательное учреждение Ростовской области «Батайский техникум железнодорожного  транспорта и строительства»;ГБПОУ РО «Батайский техникум железнодорожного транспорта и строительства»;Удовицкий Валерий Иванович;346880, Ростовская область, г. Батайск, Железнодорожный тупик, 37;8-(86354)5-84-41;http://бтжтис-батайск.рф/
Профессиональная образовательная организация;Государственное бюджетное профессиональное образовательное учреждение Ростовской области «Батайский техникум информационных технологий и радиоэлектроники «Донинтех»;ГБПОУ РО «Батайский техникум информационных технологий и радиоэлектроники «Донинтех»;Яковлева Нина Руслановна;346880 Ростовская область, г. Батайск, ул. Куйбышева 50/150;(8635)45-82-79, 45-82-78;http://doninteh-bataysk.ru
Профессиональная образовательная организация;Государственное бюджетное профессиональное образовательное учреждение Ростовской области «Белокалитвинский гуманитарно-индустриальный техникум»;ГБПОУ РО  «Белокалитвинский  гуманитарно-индустриальный техникум»;Крашнева Ольга Евгеньевна;347042, Ростовская область,г. Белая Калитва, ул. Калинина, 17,;8(86383) 2-66-31, 2-71-30;http://politehbk.ru/
Профессиональная образовательная организация;Государственное бюджетное профессиональное образовательное учреждение Ростовской области «Белокалитвинский многопрофильный техникум»;ГБПОУ РО «Белокалитвинский многопрофильный техникум»;Кудинов Николай Николаевич;347045, Ростовская область, г.Белая Калитва, ул. Заводская, 6;8-(86383)4-19-06;http://bk-mt.ru/
Профессиональная образовательная организация;Государственное бюджетное профессиональное образовательное учреждение Ростовской области «Белокалитвинский технологический техникум (р.п. Шолоховский)»;ГБПОУ РО «Белокалитвинский  технологический техникум (р.п. Шолоховский)»;Ершова Светлана Евгеньевна;347022, Ростовская область, Белокалитвинский р-он, р.п. Шолоховский, ул. Железнодорожная, 4;8-(86383)5-40-52;http://bktt.ru/
Профессиональная образовательная организация;Государственное бюджетное профессиональное образовательное учреждение Ростовской области «Вешенский педагогический колледж им. М.А. Шолохова»; ГБПОУ РО «Вешенский педагогический колледж им. М.А. Шолохова»;Полумеева Анжелика Николаевна;346270 Ростовская область, Шолоховский район, ст-ца Вешенская, ул. Шолохова, 63;8(86353) 2-11-84;http://veshpedcoll.ucoz.ru/
Профессиональная образовательная организация;Государственное бюджетное профессиональное образовательное учреждение Ростовской области «Волгодонский педагогический колледж»; ГБПОУ РО «Волгодонский педагогический колледж»;директор Дидух Ольга Васильевна;347360 Ростовская обл., г. Волгодонск, пр. Строителей, 37;(8639)25-81-58, 23-67-07;http://www.vpk.net.ru/
Профессиональная образовательная организация;Государственное бюджетное профессиональное образовательное учреждение Ростовской области «Волгодонский техникум информационных технологий, бизнеса и дизайна имени В. В. Самарского»;ГБПОУ РО  «Волгодонский техникум информационных технологий, бизнеса и дизайна имени В. В. Самарского»;Бочарова Надежда Петровна;347380, Ростовская область, г. Волгодонск, ул. Гагарина,13;(8639)24-96-04,;http://vtitbid.ru/
Профессиональная образовательная организация;Государственное бюджетное профессиональное образовательное учреждение Ростовской области «Волгодонский техникум металлообработки и машиностроения»; ГБПОУ РО «Волгодонский техникум металлообработки и машиностроения»;Смольянинова Наталья Викторовна;347382, Ростовская область, г. Волгодонск, ул. Энтузиастов, 7;"(8639)25-56-51; 25-59-93";http://втмм.рф/
Профессиональная образовательная организация;Государственное бюджетное профессиональное образовательное учреждение Ростовской области «Волгодонский техникум общественного питания и торговли»;ГБПОУ РО «ВТОПиТ»;Кузнецова Наталия Алексеевна;347360, Ростовская область, г. Волгодонск, ул. М.Горького 190.;8-(8639) 23-60-63, 23-60-64;http://vtopit.gauro-riacro.ru/
Профессиональная образовательная организация;Государственное бюджетное профессиональное образовательное учреждение Ростовской области «Волгодонский техникум энергетики и транспорта»;ГБПОУ РО «Волгодонский техникум энергетики и транспорта»;Ковыршин Владимир Борисович;347360, Ростовская область, г. Волгодонск, ул. Химиков 64;8-(8639)22-14-20;https://wtet.ru
Профессиональная образовательная организация;Государственное бюджетное профессиональное образовательное учреждение Ростовской области «Волгодонское строительное училище № 69»;ГБПОУ РО «Волгодонское строительное училище № 69»;Тарасенко Лилия Васильевна;347360, Ростовская область, г. Волгодонск, ул. Ленина, 36.;8-(8639)22-23-83;http://gbpouro.wixsite.com/pu69
Профессиональная образовательная организация;Государственное бюджетное профессиональное образовательное учреждение Ростовской области «Гуковский строительный техникум»; ГБПОУ РО «Гуковский строительный техникум»;Авилов Александр Ильич;347871, Ростовская область, г. Гуково, ул. Карла Маркса, 54;(8636)15-64-42;http://www.gst-gukovo.ru
Профессиональная образовательная организация;Государственное бюджетное профессиональное образовательное учреждение Ростовской области «Донецкий промышленно-гуманитарный техникум»;ГБПОУ РО «Донецкий промышленно-гуманитарный техникум»;Сулаева Елена Петровна;346338, г. Донецк, Ростовской области, ул. Гаражная, д.10;"8(86368) 2-21-84; 2-11-08";https://dmt-p.narod.ru
Профессиональная образовательная организация;Государственное бюджетное профессиональное образовательное учреждение Ростовской области «Донецкое многопрофильное профессиональное училище № 50»;ГБПОУ РО «Донецкое многопрофильное профессиональное училище № 50»;Жадан Анна Александровна;346330, Ростовская область, г. Донецк, ул. Королева, 12, 10 б;"8-(86368) 2-25-16; 2-24-03";http://npopu-50.ru/index/0-36
Профессиональная образовательная организация;Государственное бюджетное профессиональное образовательное учреждение Ростовской области «Донской педагогический колледж»;ГБПОУ РО «Донской педагогический колледж»;Степанов Олег Васильевич;"344023 г. Ростов-на-Дону, проспект Ленина, 92
";+7 (863) 293-86-97;http://college-dpc.ru/
Профессиональная образовательная организация;Государственное бюджетное профессиональное образовательное учреждение Ростовской области «Донской промышленно-технический колледж (ПУ № 8) имени Б.Н. Слюсаря»;ГБПОУ РО  «ДПТК (ПУ № 8)»;Ширяев Игорь Михайлович;344018, Ростовская область, г. Ростов-на-Дону, пр. Буденновский, 86.;"(8863)234-19-88;(8863)232-85-18";http://pu8vertol.ru/
Профессиональная образовательная организация;Государственное бюджетное профессиональное образовательное учреждение Ростовской области «Донской строительный колледж»; ГБПОУ РО «Донской строительный колледж»;Сергеев Родион Валентинович;346400, Ростовская область, г. Новочеркасск, пр. Платовский, д. 94;(8635)22-35-90;https://дск.сайт/
Профессиональная образовательная организация;Государственное бюджетное профессиональное образовательное учреждение Ростовской области «Донской техникум кулинарного искусства и бизнеса»;ГБПОУ РО «ДонТКИиБ»;Данилова Ирина Витальевна;344030. г. Ростов-на-Дону проспект Шолохова, 128;"+7 (863)251-73-18;    приемная комиссия +7(863) 251-97-00";http://dontkib.gauro-riacro.ru
Профессиональная образовательная организация;Государственное бюджетное профессиональное образовательное учреждение Ростовской области «Дубовское многопрофильное профессиональное училище № 100»;ГБПОУ РО «Дубовское многопрофильное профессиональное училище № 100»;Петрушенко Наталья Николаевна;347410, Ростовская область, Дубовский район, с. Дубовское, ул. Ленина, 73;8-(86377)5-14-83;http://dpu100-dubovskoe.ru/
Профессиональная образовательная организация;Государственное бюджетное профессиональное образовательное учреждение Ростовской области «Зерноградский педагогический колледж»;ГБПОУ РО «Зерноградский педагогический колледж»;Завьялова Светлана Михайловна;347740, Ростовская область, Зерноградский район, город Зерноград, улица им. Ленина, дом 37;8 (86359) 41-5-53;http://zernpc.ru/
Профессиональная образовательная организация;Государственное бюджетное профессиональное образовательное учреждение Ростовской области «Зерноградский техникум агротехнологий»;ГБПОУ РО «Зерноградский техникум агротехнологий»;Таранов Дмитрий Михайлович;347740, Ростовская область, г. Зерноград, ул. Мира, 2.;8-(86359)41-2-44;http://nporopl92.ru
Профессиональная образовательная организация;Государственное бюджетное профессиональное образовательное учреждение Ростовской области «Зимовниковский педагогический колледж»;ГБПОУ РО «Зимовниковский педагогический колледж»;Ануфриенко Надежда Михайловна;347460 Ростовская обл., Зимовниковский район, п. Зимовники, ул. Ленина,100;(86376)40051;http://zimpk.ru/
Профессиональная образовательная организация;Государственное бюджетное профессиональное образовательное учреждение Ростовской области «Зимовниковский сельскохозяйственный техникум имени Бабаевского П.А.»;ГБПОУ РО «ЗСХТ»;Шорина Елена Григорьевна;347460, Ростовская область, Зимовниковский район, п. Зимовники, ул. Дзержинского, 185;(86376)3-22-30;http://www.zimpl84.ru/
Профессиональная образовательная организация;Государственное бюджетное профессиональное образовательное учреждение Ростовской области «Казанское аграрно-техническое профессиональное училище № 97»;ГБПОУ РО «Казанское аграрно-техническое профессиональное училище № 97»;Калмыков Василий Степанович;Ростовская область, Верхнедонской район, станица Казанская улица Тимирязева 69 346170;8-(86364)3-15-05;http://pu-97.com/
Профессиональная образовательная организация;Государственное бюджетное профессиональное образовательное учреждение Ростовской области «Каменский педагогический колледж»;ГБПОУ РО «Каменский педагогический колледж»;Гайдаенко Наталья Александровна;347810, Ростовская обл., г. Каменск-Шахтинский, пер. Володарского, 66;(86365)7-22-27, 7-26-58, 7-25-20;http://kpc.edu.ru/osn_sved.html
Профессиональная образовательная организация;Государственное бюджетное профессиональное образовательное учреждение Ростовской области «Каменский техникум строительства и автосервиса»;ГБПОУ РО «Каменский техникум строительства и автосервиса»;Новойдарский Виталий Николаевич;347801, Ростовская область, г. Каменск-Шахтинский, ул. Заводская, 63;(86365) 2-07-18;http://ktsia.gauro-riacro.ru/
Профессиональная образовательная организация;Государственное бюджетное профессиональное образовательное учреждение Ростовской области «Каменский химико-механический техникум»;ГБПОУ РО «КХМТ»;Беров Виктор Игоревич;347811 Ростовская область, г. Каменск-Шахтинский, пер. Володарского, 72;86365-73334;http://www.kxmt-kamensk.ru
Профессиональная образовательная организация;Государственное бюджетное профессиональное образовательное учреждение Ростовской области «Константиновский педагогический колледж»; ГБПОУ РО «Константиновский педагогический колледж»;Никитина Анна Николаевна;347250 Ростовская обл., г. Константиновск, ул. Калинина, 93;8(86393)2-26-99, факс: (86393)2-39-56;http://www.konstpk.ru/
Профессиональная образовательная организация;Государственное бюджетное профессиональное образовательное учреждение Ростовской области «Константиновский техникум агроветтехнологий и управления (КСХТ)»;ГБПОУ РО «Константиновский техникум агроветтехнологий и управления (КСХТ)»;Григоренко Ольга Ивановна;347252, Ростовская область, г. Константиновск, ул. 24 Гвардейской дивизии 9;(86393)2-28-66;http://kcxt.ru/
Профессиональная образовательная организация;Государственное бюджетное профессиональное образовательное учреждение Ростовской области «Константиновский технологический техникум»;ГБПОУ РО «Константиновский технологический техникум»;Мищенко Евгений Евгеньевич;347250, Ростовская область, г. Константиновск, ул. Комсомольская, 61.;8(86393)2-11-35;http://gbpouroktt.ru
Профессиональная образовательная организация;государственное бюджетное профессиональное образовательное учреждение Ростовской области «Красносулинский колледж промышленных технологий»;ГБПОУ РО «Красносулинский колледж промышленных технологий»;Вакулина Галина Юрьевна;346361 Ростовская область, г. Красный Сулин, ул. Чкалова, 13;(86367)5-24-93;http://kkpt-sulin.gauro-riacro.ru/
Профессиональная образовательная организация;Государственное бюджетное профессиональное образовательное учреждение Ростовской области «Митякинский техникум агротехнологий и питания»;ГБПОУ РО «Митякинский техникум агротехнологий и питания»;Щуров Виктор Александрович;346092, Ростовская область, Тарасовский район, станица Митякинская, ул. Ленина, 13;8-(86386)3-42-12;http://mtap.edu61.ru
Профессиональная образовательная организация;Государственное бюджетное профессиональное образовательное учреждение Ростовской области «Морозовский агропромышленный техникум»;ГБПОУ РО «МАПТ»;Прокопенко Андрей Юрьевич;347210, Ростовская область, Морозовский р-н, п. Озёрный, ул. Озёрная 28;+7(86384)2-12-10;http://mapt.gauro-riacro.ru/
Профессиональная образовательная организация;Государственное бюджетное профессиональное образовательное учреждение Ростовской области «Новочеркасский геологоразведочный колледж»; ГБПОУ РО  «Новочеркасский геологоразведочный колледж»;(8635)24-43-29, 24-15-08;346428 ,Ростовская область ,г. Новочеркасск, ул. Троицкая, 51,;(8635)24-43-29, 24-15-08;https://нгрк.рф
Профессиональная образовательная организация;Государственное бюджетное профессиональное образовательное учреждение Ростовской области «Новочеркасский колледж промышленных технологий и управления»;ГБПОУ РО «Новочеркасский колледж промышленных технологий и управления»;Григорьева Галина Николаевна;346400 Ростовская область, г. Новочеркасск, ул. Александровская, д. 109;(8635)22-44-44,;http://www.nkptiu.ru/
Профессиональная образовательная организация;Государственное бюджетное профессиональное образовательное учреждение Ростовской области «Новочеркасский машиностроительный колледж»; ГБПОУ РО «Новочеркасский машиностроительный колледж»;Федоров Сергей Евгеньевич;346428, Ростовская обл., г. Новочеркасск, ул. Троицкая 39/166;(8635) 22-25-55;http://nmk35.ru/
Профессиональная образовательная организация;Государственное бюджетное профессиональное образовательное учреждение Ростовской области «Новочеркасский промышленно-гуманитарный колледж»;ГБПОУ РО «Новочеркасский промышленно-гуманитарный колледж»;Потапов Игорь Александрович;346405, Ростовская область, г. Новочеркасск, ул. Высоковольтная, 1;(8635)23-21-55, 23-19-86;http://www.novoch-pgk.ru/
Профессиональная образовательная организация;Государственное бюджетное профессиональное образовательное учреждение Ростовской области «Новошахтинский автотранспортный техникум имени Героя Советского Союза Вернигоренко И.Г.»;"ГБПОУ РО ""НАТТ""";Котова Светлана Васильевна;346909, Ростовская область, г. Новошахтинск, ул. Привокзальная, 132.;"8-(86369)5-06-82;";https://natt61.ru
Профессиональная образовательная организация;Государственное бюджетное профессиональное образовательное учреждение Ростовской области «Новошахтинский технологический техникум»;ГБПОУ РО «НТТ»;Кузнецова Ирина Васильевна;346916, Ростовская область, г. Новошахтинск, ул.Грессовская, №21/17/1;"8-(86369)2-28-30; 2-30-96";http://licey59.edusite.ru/
Профессиональная образовательная организация;Государственное бюджетное профессиональное образовательное учреждение Ростовской области «Октябрьский аграрно-технологический техникум»; ГБПОУ РО «ОАТТ»;Бодло Эдуард Васильевич;346525, Ростовская область, Октябрьский район, п. Качкан, ул. Молодежная, 2;(86360)3-79-56;http://www.oatt-spo.ru/
Профессиональная образовательная организация;Государственное бюджетное профессиональное образовательное учреждение Ростовской области «Орловское многопрофильное профессиональное училище № 98»;ГБПОУ РО «Орловское многопрофильное профессиональное училище № 98»;Чернышов Сергей Алексеевич;п.Орловский Ростовская обл. Ул. Пионерская 77;88637531413;http://www.npo98.com/
Профессиональная образовательная организация;Государственное бюджетное профессиональное образовательное учреждение Ростовской области «Пролетарский аграрно-технологический техникум»;ГБПОУ РО «Пролетарский аграрно-технологический техникум»;Фоминых Любовь Адамовна;347540, Ростовская область, г. Пролетарск, проспект 50 лет Октября, 18 А;8-(86374)9-70-21;http://патт.рф/
Профессиональная образовательная организация;Государственное бюджетное профессиональное образовательное учреждение Ростовской области «Пухляковский агропромышленный техникум»; ГБПОУ РО «Пухляковский агропромышленный техникум»;Шубин Виктор  Васильевич;346561, Ростовская область, Усть-Донецкий район, х. Пухляковский, ул. Механизаторов, 13;"(8635)19-28-80; 19-27-14";http://puhtehn.ru/
Профессиональная образовательная организация;Государственное бюджетное профессиональное образовательное учреждение Ростовской области «Ростовский колледж металлообработки и автосервиса»;ГБПОУ РО «Ростовский колледж металлообработки и автосервиса»;Деркачев Василий Иванович;344095, Ростовская область, г. Ростов-на-Дону, ул. Штахановского, 10;"+7(863)252-63-68; +7(863)206-15-88";http://www.rkmia.ru/
Профессиональная образовательная организация;Государственное бюджетное профессиональное образовательное учреждение Ростовской области «Ростовский колледж технологий машиностроения»;ГБПОУ РО  «Ростовский колледж технологий машиностроения»;Пряхин Игорь Владимирович;344095, ул.Вятская,35, г. Ростов-на-Дону, Ростовская область;8(863)310-31-41 доб.16;http://rktm.info/
Профессиональная образовательная организация;Государственное бюджетное профессиональное образовательное учреждение Ростовской области «Ростовский -на-Дону колледж связи и информатики»;ГБПОУ РО  «Ростовский -на-Дону колледж связи и информатики»;Горбунов Сергей Николаевич;344082,г. Ростов-на-Дону, ул. Тургеневская, 10/6,;+7(863)262-45-34;http://rksi.ru/
Профессиональная образовательная организация;Государственное бюджетное профессиональное образовательное учреждение Ростовской области «Ростовский строительно-художественный техникум»; ГБПОУ РО «Ростовский строительно-художественный техникум»;Постолов Николай Александрович;344018, Ростовская область, г. Ростов-на-Дону, пер. Островского, 153.;"(863)232-57-36; 232-43-56";http://спо-рсхт.рф/
Профессиональная образовательная организация;Государственное бюджетное профессиональное образовательное учреждение Ростовской области «Ростовский техникум индустрии моды, экономики и сервиса»;ГБПОУ РО «Ростовский техникум индустрии моды, экономики и сервиса»;Сидоренко Сергей Александрович;344091 г. Ростов-на-Дону пр. Стачки 227;(863)224-22-78;http://ртимэс.рф/
Профессиональная образовательная организация;Государственное бюджетное профессиональное образовательное учреждение Ростовской области «Ростовский технологический техникум сервиса»;ГБПОУ РО «Ростовский технологический техникум сервиса»;Сухенко Андрей Дмитриевич;344041, Ростовская область, г. Ростов-на-Дону, ул. Мадояна, 205 Б.;"(863) 223-02-51; 225-21-21";http://proflicey6.narod.ru/
Профессиональная образовательная организация;Государственное бюджетное профессиональное образовательное учреждение Ростовской области «Ростовский торгово-экономический колледж»; ГБПОУ РО  «РТЭК»;Косенко Людмила Петровна;344090, г. Ростов-на-Дону, ул. Сладкова, 85;+7 (863) 222-56-11, 222-23-01,;http://rtek.info/
Профессиональная образовательная организация;Государственное бюджетное профессиональное образовательное учреждение Ростовской области «Ростовский-на-Дону автодорожный колледж»;ГБПОУ РО «Ростовский-на-Дону автодорожный колледж»;Гонтарев Сергей Юрьевич;344082, г. Ростов-на-Дону, ул. Большая Садовая, 28;(863)240-26-45, 262-51-89;http://www.radk.ru/
Профессиональная образовательная организация;Государственное бюджетное профессиональное образовательное учреждение Ростовской области «Ростовский-на-Дону автотранспортный колледж»; ГБПОУ РО «Ростовский-на-Дону автотранспортный колледж»;Бартеньев Владимир Петрович;344025, г. Ростов-на-Дону, ул. 29 линия, 46;+7(863) 251-25-54;http://ratk61.ru/
Профессиональная образовательная организация;Государственное бюджетное профессиональное образовательное учреждение Ростовской области «Ростовский-на-Дону гидрометеорологический техникум»;ГБПОУ РО «РГМТ»;Новиков Алексей Викторович;344025, г. Ростов-на-Дону, ул. 31-я линия, 4,;(863)285-01-95, 285-10-96;http://rgmt.edu.ru/
Профессиональная образовательная организация;Государственное бюджетное профессиональное образовательное учреждение Ростовской области «Ростовский-на-Дону железнодорожный техникум»;ГБПОУ РО «Ростовский-на-Дону железнодорожный техникум»;Данилин Вячеслав Грантович;344001, Ростовская область, г. Ростов-на-Дону, ул. Саши Чебанова,10;240-28-01;https://rzt161.ru/
Профессиональная образовательная организация;Государственное бюджетное профессиональное образовательное учреждение Ростовской области «Ростовский-на-Дону колледж водного транспорта»; ГБПОУ РО  «Ростовский-на-Дону колледж водного транспорта»;Маевский Владимир Юрьевич;344019,г. Ростов-на-Дону, ул.1-я линия, 54.;(863) 251-19-81;https://rkwt.ru/
Профессиональная образовательная организация;Государственное бюджетное профессиональное образовательное учреждение Ростовской области «Ростовский-на-Дону колледж радиоэлектроники, информационных и промышленных технологий»; ГБПОУ РО «Ростовский-на-Дону колледж радиоэлектроники, информационных и промышленных технологий»;Горбунов Сергей Васильевич;344011, г. Ростов-на-Дону, ул. Красноармейская, 11,;(863)267-49-15,;http://rgkript.ru/
Профессиональная образовательная организация;Государственное бюджетное профессиональное образовательное учреждение Ростовской области «Ростовский-на-Дону строительный колледж»; ГБПОУ РО  «Ростовский-на-Дону строительный колледж»;Вагин Александр Владимирович;344082, г. Ростов-на-Дону, ул. Максима Горького д.30,;(863)227-17-15;https://рндск.рф/
Профессиональная образовательная организация;Государственное бюджетное профессиональное образовательное учреждение Ростовской области «Ростовское многопрофильное профессиональное училище № 7»;ГБПОУ РО ПУ № 7;Афонина Елена Михайловна;344016, Ростовская область, г. Ростов-на-Дону., ул. Таганрогская, д. 114.;8 (863) 278-15-37;http://ptu7.ru/
Профессиональная образовательная организация;Государственное бюджетное профессиональное образовательное учреждение Ростовской области «Ростовское профессиональное училище № 5»;ГБПОУ РО «Ростовское профессиональное училище № 5»;Греховодова Марина Николаевна;344091, Ростовская область, г. Ростов-на-Дону, ул. Малиновского, 5в/169;(8863)3109197;https://www.uchs.ru
Профессиональная образовательная организация;Государственное бюджетное профессиональное образовательное учреждение Ростовской области «Ростовское-на-Дону строительное профессиональное училище № 20»;ГБПОУ РО «Ростовское-на-Дону строительное профессиональное училище № 20»;Фроленко Евгений Владимирович;344002, Ростовская область, г. Ростов-на-Дону, ул. Московская, 49;8(863)240-82-20;http://rostov20pu.hostedu.ru/index.html
Профессиональная образовательная организация;Государственное бюджетное профессиональное образовательное учреждение Ростовской области «Сальский аграрно-технический колледж»; ГБПОУ РО «Сальский аграрно-технический колледж»;Сероштан Александр Иванович;347628 Ростовская область, Сальский район, п. Гигант, ул. Крупской, 6;(8637)27-82-49,;http://www.ccxk.ru
Профессиональная образовательная организация;Государственное бюджетное профессиональное образовательное учреждение Ростовской области «Сальский индустриальный техникум»; ГБПОУ РО «Сальский индустриальный техникум»;Овчаров Павел Михайлович;347630, Ростовская обл., Сальский район, г. Сальск, ул. Ленина, 27;8(86372)5-00-52, 5-05-71;http://sit-salsk.ru
Профессиональная образовательная организация;Государственное бюджетное профессиональное образовательное учреждение Ростовской области «Семикаракорский агротехнологический техникум»;ГБПОУ РО «Семикаракорский агротехнологический техникум»;Шаповалова Т.А.;346630, г. Семикаракорск, ул. Закруткина, 23;8-(86356)4-69-06;http://spu73-stsit.ucoz.site
Профессиональная образовательная организация;Государственное бюджетное профессиональное образовательное учреждение Ростовской области «Среднеегорлыкское профессиональное училище № 85»;ГБПОУ РО «Среднеегорлыкское профессиональное училище № 85»;Колода Иван Павлович;347762. Ростовская область, Целинский р-он, с. Средний Егорлык, ул. Школьная, 4;"(8-86371)9-25-73; 9-24-21";http://profuch85.ru
Профессиональная образовательная организация;Государственное бюджетное профессиональное образовательное учреждение Ростовской области «Таганрогский авиационный колледж имени В.М. Петлякова»; ГБПОУ РО  «ТАВИАК»;Жданова Елена Владимировна;347900, Ростовская область,  ул. Чехова, 75/пер.Тургеневский,44;(8634) 38-39-46, 61-40-47;http://taviak.ru/
Профессиональная образовательная организация;Государственное бюджетное профессиональное образовательное учреждение Ростовской области «Таганрогский колледж морского приборостроения»; ГБПОУ РО «Таганрогский колледж морского приборостроения»;Полиёв Владимир Валентинович;347900, Ростовская область, г. Таганрог пер, Мечниковский, 5,;"(8634)38-34-37; (8634) 61-26-29,";http://ткмп.рф
Профессиональная образовательная организация;Государственное бюджетное профессиональное образовательное учреждение Ростовской области «Таганрогский металлургический техникум»;ГБПОУ РО «Таганрогский металлургический техникум»;Баранов Владимир Борисович;347922, Ростовская область, г. Таганрог, ул. Петровская, 40;(8634)36-02-92, 31-26-59;http://tmk.3dn.ru/
Профессиональная образовательная организация;Государственное бюджетное профессиональное образовательное учреждение Ростовской области «Таганрогский механический колледж»; ГБПОУ РО  «Таганрогский механический колледж»;Магеррамов Рафаил Вагифович;г. Таганрог ул. Свободы 21;8(8634)369765;https://tmexk.ru
Профессиональная образовательная организация;Государственное бюджетное профессиональное образовательное учреждение Ростовской области «Таганрогский техникум машиностроения и металлургии «Тагмет»;ГБПОУ РО «Таганрогский техникум машиностроения и металлургии «Тагмет»;Ревко Сергей Анатольевич;347909, Ростовская область, г. Таганрог, ул. Бабушкина, 2 В;(8634)431-286;https://техникум-тагмет.рф/
Профессиональная образовательная организация;Государственное бюджетное профессиональное образовательное учреждение Ростовской области «Таганрогский техникум строительной индустрии и технологий»;ГБПОУ РО «Таганрогский техникум строительной индустрии и технологий»;Михалева Наталья Николаевна;347939, Ростовская область, г. Таганрог, ул.Фадеева,21;"8-(8634)33-36-51; 33-53-17";http://www.infotaganrog.ru/trspl30
Профессиональная образовательная организация;Государственное бюджетное профессиональное образовательное учреждение Ростовской области «Таганрогский технологический техникум питания и торговли»;ГБПОУ РО «Таганрогский технологический техникум питания и торговли»;Шатун Любовь Григорьевна;347902, Ростовская область, г. Таганрог, ул.Свободы, д. 34;"8-(86344)64-84-80;64-84-51";http://tttpt.edusite.ru
Профессиональная образовательная организация;Государственное бюджетное профессиональное образовательное учреждение Ростовской области «Тарасовский многопрофильный техникум»;ГБПОУ РО «Тарасовский многопрофильный техникум»;Хлыпало Александр Анатольевич;346052, Ростовская область Тарасовский р-н п. Тарасовский ул.Грибоедова 5;8-(86386)3-21-30;http://тарасовский-техникум.рф
Профессиональная образовательная организация;Государственное бюджетное профессиональное образовательное учреждение Ростовской области «Торгово-промышленный техникум имени Л.Б. Ермина в г. Зверево»;ГБПОУ РО «Профессиональное училище № 64 имени Л.Б. Ермина в г. Зверево»;Борисова Ирина Григорьевна;346312, Ростовская область, г. Зверево, ул. Обухова, 45;8-(863) 554-28-24;http://pu-64.ucoz.ru
Профессиональная образовательная организация;Государственное бюджетное профессиональное образовательное учреждение Ростовской области «Чертковское профессиональное училище № 95»;ГБПОУ РО «Чертковское профессиональное училище № 95»;Колосов Иван Иванович;346025, Ростовская область, Чертковский район, с. Осиково, ул. Российская, 43;"8-(86387) 47-6-98; 4-76-33";http://пу95.рф/
Профессиональная образовательная организация;Государственное бюджетное профессиональное образовательное учреждение Ростовской области «Шахтинский педагогический колледж»; ГБПОУ РО «Шахтинский педагогический колледж»;Богачева Елена Васильевна;346500 Ростовская обл., г. Шахты, ул. Шевченко, 151;+7(8636)22-26-50;http://shakht-pedcol.ru/
Профессиональная образовательная организация;Государственное бюджетное профессиональное образовательное учреждение Ростовской области «Шахтинский политехнический колледж»;ГБПОУ РО «Шахтинский политехнический колледж»;Головин Игорь Николаевич;346513, Ростовская область, г. Шахты, пер. Якутский, 2;"8-(8636)22-49-69;25-36-52";https://shptk.ru/
Профессиональная образовательная организация;Государственное бюджетное профессиональное образовательное учреждение Ростовской области «Шахтинский профессиональный лицей № 33»;ГБПОУ РО ПЛ №33;Симбирская Марина Николаевна;346513, Ростовская область, г. Шахты, пр. Победа революции, 4;"8-(86362)2-00-55;";http://proflicey-33.ucoz.ru/
Профессиональная образовательная организация;Государственное бюджетное профессиональное образовательное учреждение Ростовской области «Шахтинский региональный колледж топлива и энергетики им. ак. Степанова П.И.»; ГБПОУ РО «ШРКТЭ»;Кочетов Евгений Викторович;346500, Ростовская область г. Шахты, ул. Шевченко,116;(8636)22-04-27, факс: (8636)22-06-21;http://www.topcollege.ru/
Профессиональная образовательная организация;Государственное бюджетное профессиональное образовательное учреждение Ростовской области «Шахтинский техникум дизайна и сервиса «Дон-Текс»;ГБПОУ РО «Дон-Текс»;Сударкин Сергей Петрович;346504, Ростовская область, г. Шахты, ул. Садовая, 21;"(8636) 22-68-52; 25-59-31";http://don-teks.ucoz.ru/
Профессиональная образовательная организация;Государственное бюджетное профессиональное образовательное учреждение Ростовской области «Шахтинское профессиональное училище № 36»;ГБПОУ РО «Шахтинское профессиональное училище № 36»;Мочайлова Наталья Борисовна;346506,Ростовская область, г. Шахты, пр. Ленинского Комсомола, 8;"8-(86362)3-23-97;";http://prof36.ru/
Профессиональная образовательная организация;Государственное бюджетное профессиональное образовательное учреждение Ростовской области Таганрогский техникум сервиса и жилищно-коммунального хозяйства № 23;ГБПОУ РО  Таганрогский техникум сервиса и жилищно-коммунального хозяйства № 23;Михалева Амина Исмаиловна;347942, Ростовская область, г.Таганрог, ул. Инициативная,22;"8-(8634) 60-01-59; 60-14-57";http://spo23tag.ru
Санаторные школы-интернаты;Государственное казенное общеобразовательное учреждение Ростовской области «Ростовская санаторная школа-интернат № 28»;ГКОУ РО «Ростовская санаторная школа-интернат № 28»;Воронько Татьяна Леонидовна;ул. 14-линия д. 64/69, Ростов н/Д, 344019;8(863) 2832724;http://школа28-ростов.рф/
Санаторные школы-интернаты;Государственное казенное общеобразовательное учреждение Ростовской области «Ростовская-на-Дону санаторная школа-интернат № 74»;ГКОУ РО «Ростовская-на-Дону санаторная школа-интернат № 74»;Чилингарова Вера Овидиевна;344020, ул.Щербакова, 111, г. Ростов-на-Дону;863-210-63-00;http://shkola74.my1.ru/
Санаторные школы-интернаты;Государственное казенное общеобразовательное учреждение Ростовской области «Ростовская-на-Дону санаторная школа-интернат»;ГКОУ РО «Ростовская-на-Дону санаторная школа-интернат»;Филиппенко Николай Иванович;344025, ул.36 линия, 58, г. Ростов-на-Дону;(863)-251-74-27, (863)-251-76-09;http://schoolrsb.r61.net
Специальное учебно-воспитательное учреждение закрытого типа;Государственное казенное общеобразовательное учреждение Ростовской области «Специальное учебно-воспитательное учреждение закрытого типа для обучающихся с девиантным (общественно опасным) поведением»;ГКОУ РО «Специальное учебно-воспитательное учреждение закрытого типа»;Тищенко Владимир Николаевич;346009, Ростовская область, Чертковский район, с. Маньково-Калитвенское, пер. Луначарского, 39;8(86387)47-9-04;http://www.rsosh61.ru/
Специальные школы, школы-интернаты;Государственное казенное общеобразовательное учреждение Ростовской области «Азовская специальная школа № 7»;ГКОУ РО Азовская школа № 7;Попова Инна Петровна;346781 Ростовская область г. Азов, ул. Васильева 92;8(86342) 6-07-45;https://shkola7-azov.ru
Специальные школы, школы-интернаты;Государственное казенное общеобразовательное учреждение Ростовской области «Волгодонская специальная школа-интернат «Восхождение»»;ГКОУ РО «Волгодонская специальная школа-интернат «Восхождение»»;Белоусова Татьяна Яковлевна;347366, Ростовская обл, Волгодонск г, Первомайский пер, 75;8-8639-212541;http://shkolainternat6.ru/
Специальные школы, школы-интернаты;Государственное казенное общеобразовательное учреждение Ростовской области «Волгодонская специальная школа-интернат № 14»;ГКОУ РО «Волгодонская специальная школа-интернат № 14»;Загребельная Ольга Анатольевна;347380, Ростовская область, г. Волгодонск, улица Маршала Кошевого, 8;8(639)25-68-86;https://интернат-14.рф/
Специальные школы, школы-интернаты;Государственное казенное общеобразовательное учреждение Ростовской области «Гуковская специальная школа-интернат № 11»;ГКОУ РО Гуковская  школа-интернат № 11;Дьяченко Татьяна Петровна;347871 г.Гуково, Ростовской области , ул.Герцена д.115;8(86361)5-22-72;http://internat11.3dn.ru/
Специальные школы, школы-интернаты;Государственное казенное общеобразовательное учреждение Ростовской области «Гуковская специальная школа-интернат № 12»;ГКОУ РО «Гуковская специальная школа-интернат № 12»;Сейфулина Ирина Рифатовна;г. Гуково, Ростовская обл. ул. Комсомольская д.75;886361 5-86-11;http://inter12gukovo.ru/
Специальные школы, школы-интернаты;Государственное казенное общеобразовательное учреждение Ростовской области «Донецкая специальная школа-интернат»;ГКОУ РО Донецкая школа-интернат;Лобанова Наталья Владимировна;346330, Ростовская область, г. Донецк, ул. Некрасова, д.1;"8(86368)2-72-94; 8(86368)2-79-26";http://donschkool-gkou.ru/
Специальные школы, школы-интернаты;Государственное казенное общеобразовательное учреждение Ростовской области «Зерноградская специальная школа-интернат»;ГКОУ РО «Зерноградская специальная школа-интернат»;Харченко Владимир Николаевич;347740, Ростовская область, ул. Мира, д. 10;8 (86359) 41-2-36;http://zsi-5-ru.1gb.ru/
Специальные школы, школы-интернаты;Государственное казенное общеобразовательное учреждение Ростовской области «Казанская специальная школа-интернат»;ГКОУ РО Казанская школа-интернат;Долженкова Светлана Анатольевна;"346170 Ростовская область, Верхнедонской район, ст.Казанская, ул. Трудовая, 6 &quot;а&quot;";8-86364-3-14-62;http://ski-kazanskaya.ucoz.com/
Специальные школы, школы-интернаты;Государственное казенное общеобразовательное учреждение Ростовской области «Каменская специальная школа № 15»;ГКОУ РО «Каменская специальная школа № 15»;Лещинская Татьяна Анатольевна;347800, Ростовская область, город Каменск-Шахтинский , улица Кирова, 70;8-86365-75042;http://shkola15.ucoz.ru/
Специальные школы, школы-интернаты;Государственное казенное общеобразовательное учреждение Ростовской области «Каменская специальная школа-интернат»;ГКОУ РО «Каменская специальная школа-интернат»;Пискунова Маргарита Юрьевна;347810, Ростовская область, г.Каменск-Шахтинский, ул.Кирова, 98;8(86365)7-39-14;http://kamint.hostedu.ru/
Специальные школы, школы-интернаты;Государственное казенное общеобразовательное учреждение Ростовской области «Колушкинская специальная школа-интернат»;ГКОУ РО «Колушкинская специальная школа-интернат»;Землянская Людмила Григорьевна;"346065, Ростовская область, Тарасовский район,сл. Колушкино, ул. Лесная,8 &quot;а&quot;;";8(86386)37-7-19, 8(86386)37-7-34;http://колушки-интернат.рф/
Специальные школы, школы-интернаты;Государственное казенное общеобразовательное учреждение Ростовской области «Красносулинская специальная школа-интернат № 1»;ГКОУ РО «Красносулинская специальная школа-интернат № 1»;Маликова Наталья Анатольевна;346353, г. Красный Сулин Ростовская область, пер Фондовый,16;+7(86367)5-71-11;http://красносулинская-школа-интернат.рф
Специальные школы, школы-интернаты;Государственное казенное общеобразовательное учреждение Ростовской области «Матвеево-Курганская специальная школа-интернат»;ГКОУ РО «Матвеево-Курганская специальная школа-интернат»;Зинченко Вячеслав Викторович;346970, Ростовская область, п. Матвеев Курган, ул. 40 лет Пионерии, 3;(8-86341) 3-19-52;http://mkinter.ucoz.ru/
Специальные школы, школы-интернаты;Государственное казенное общеобразовательное учреждение Ростовской области «Николаевская специальная школа-интернат»;ГКОУ РО  «Николаевская специальная школа-интернат»;Острянская Анна Алексеевна;347272 Ростовская область, Константиновский район, станица Николаевская, улица Гагарина 43;8(86393)5-11-81;http://nikinternat.ru/
Специальные школы, школы-интернаты;государственное казенное общеобразовательное учреждение Ростовской области «Новочеркасская специальная школа-интернат № 1»;ГКОУ РО Новочеркасская школа-интернат № 1;Мирошникова Вера Викторовна;346405 Ростовская область, г.Новочеркасск, ул.Спортивная 111/29;(8635)23-23-24, 23-23-54;http://www.skint8v1novoch.ru
Специальные школы, школы-интернаты;Государственное казенное общеобразовательное учреждение Ростовской области «Новочеркасская специальная школа-интернат № 33»;ГКОУ РО Новочеркасская специальная школа-интернат № 33;Климченко Ирина Евгеньевна;г. Новочеркасск, ул. Тополиная, 60;8(8635)26-80-02;http://schkola33.gauro-riacro.ru/
Специальные школы, школы-интернаты;Государственное казенное общеобразовательное учреждение Ростовской области «Орловская специальная школа-интернат»;ГКОУ РО «Орловская специальная школа-интернат»;Краснощекова Алевтина Григорьевна;Ростовская область, Орловский район, п. Орловский, пер. Октябрьский, 119;(86375)32-9-23;http://orl-internat.ru/
Специальные школы, школы-интернаты;Государственное казенное общеобразовательное учреждение Ростовской области «Пролетарская специальная школа-интернат»;ГКОУ РО «Пролетарская школа-интернат»;Грачева Евгения Васильевна;347544, г. Пролетарск, Ростовской области, ул. Рокоссовского 11;8(86374)9-96-16;https://ski-proletarsk.ru/
Специальные школы, школы-интернаты;Государственное казенное общеобразовательное учреждение Ростовской области «Развиленская специальная школа-интернат»;ГКОУ РО «Развиленская специальная школа-интернат»;Пензар Валентина Михайловна;347561, Ростовская область, Песчанокопский район, с. Развильное, ул. Первомайская 56 а;"(86373)9-22-63; (86373)9-22-41";http://school-internat-razvil161.ru/
Специальные школы, школы-интернаты;Государственное казенное общеобразовательное учреждение Ростовской области «Ростовская специальная школа-интернат № 38»;ГКОУ РО «Ростовская специальная школа-интернат № 38»;Безрякова Ольга Николаевна;Г.  РОСТОВ-НА-ДОНУ,  ПР.  СТАЧКИ,  235/2;(863)222-18-77;http://school-internat38.ru/
Специальные школы, школы-интернаты;Государственное казенное общеобразовательное учреждение Ростовской области «Ростовская специальная школа-интернат № 41»;ГКОУ РО Ростовская школа-интернат № 41;Козлова Елена Васильевна;г. Ростов-на-Дону, пер. Днепровский, 119;88632234255;https://school41.rostov-obr.ru/
Специальные школы, школы-интернаты;Государственное казенное общеобразовательное учреждение Ростовской области «Ростовская специальная школа-интернат № 42»;ГКОУ РО «Ростовская специальная школа-интернат № 42»;Шкарупа Ольга Павловна;344112 г.Ростов-на-Дону ул.Леваневского,34;"(863)252-97-56  254-89-33; 252-01-51";http://ski42.ru/
Специальные школы, школы-интернаты;Государственное казенное общеобразовательное учреждение Ростовской области «Ростовская специальная школа-интернат № 48»;ГКОУ РО «Ростовская специальная школа-интернат № 48»;Маетная Раиса Ивановна;г.Ростов-на-Дону, ул. Суворова, 81;263-31-35;http://internat48.ru
Специальные школы, школы-интернаты;Государственное казенное общеобразовательное учреждение Ростовской области «Ростовский областной центр образования неслышащих учащихся»;ГКОУ РО РОЦОНУ;Шипитько Ольга Петровна;344022 г. Ростов-на-Дону, ул. Суворова, 127/пер. Нахичеванский 27;(863) 263-31-30;http://roconu.ru
Специальные школы, школы-интернаты;Государственное казенное общеобразовательное учреждение Ростовской области «Таганрогская специальная школа № 1»;ГКОУ РО «Таганрогская специальная школа № 1»;Жарова Татьяна Александровна;РФ,РО, г.Таганрог, ул. Инструментальная, 41-1;88634648613;http://tagcorrschool.ucoz.com/
Специальные школы, школы-интернаты;Государственное казенное общеобразовательное учреждение Ростовской области «Таганрогская специальная школа № 19»;ГКОУ РО «Таганрогская специальная школа № 19»;Лепшова Лариса Александровна;347924 Ростовская область г.Таганрог ул Черняховского 4-1;8(8634)679792;http://taganrog19school.ru/
Специальные школы, школы-интернаты;Государственное казенное общеобразовательное учреждение Ростовской области «Тацинская специальная школа-интернат»;ГКОУ РО «Тацинская специальная школа-интернат»;Иванова Галина Дмитриевна;347060, Ростовская область, ст.Тацинская, ул. Г. Волкова, 67;86397- 3-01-07, 86397-2-23-58, 86397-3-00-49;http://shkinttacinsk.ucoz.ru/
Специальные школы, школы-интернаты;государственное казенное общеобразовательное учреждение Ростовской области «Центр образования детей с ограниченными возможностями здоровья»;ГКОУ РО «Центр образования детей с ограниченными возможностями здоровья»;Карасева Наталья Викторовна;Ростовская область, Красносулинский р-он, 1750 м к востоку от 15 км а/м «Новошахтинск - Гуково».;8(86369)2-83-30;http://shkolanov8.moy.su
Специальные школы, школы-интернаты;Государственное казенное общеобразовательное учреждение Ростовской области «Шахтинская специальная школа-интернат № 16»;ГКОУ РО «Шахтинская специальная школа-интернат № 16»;Нархова Елена Александровна;346504, Ростовская область, г. Шахты, пер. Тюменский, 72;8-8636-22-59-39;http://s-i16.ru/
Учреждение психолого-педагогической и медико-социальной помощи;Государственное бюджетное учреждение Ростовской области центр психолого-педагогической, медицинской и социальной помощи;ГБУ РО ЦППМ и СП;Чаусова Лариса Казимировна;344000 г.Ростов-на-Дону, ул.Малюгиной, 214;88632641792, 88632643471;http://ocpprik.ru/
Учреждение социального обслуживания центр помощи детям, оставшимся без попечения родителей;Государственное казенное учреждение социального обслуживания Ростовской области центр помощи детям, оставшимся без попечения родителей, «Азовский центр помощи детям»;ГКУСО РО Азовский центр помощи детям;Байер Елена Александровна;346780, г.Азов, ул. Ленина 79;8(86342) 4-02-15;http://deticentrazov.lbihost.ru/
Учреждение социального обслуживания центр помощи детям, оставшимся без попечения родителей;Государственное казенное учреждение социального обслуживания Ростовской области центр помощи детям, оставшимся без попечения родителей, «Батайский центр помощи детям»;ГКУСО РО Батайский центр помощи детям;Пащенко Ольга Петровна;346880, Ростовская область г.Батайск, ул.Куйбышева, 165;8(86354)2-25-66;http://detdom-bataysk.ru/
Учреждение социального обслуживания центр помощи детям, оставшимся без попечения родителей;Государственное казенное учреждение социального обслуживания Ростовской области центр помощи детям, оставшимся без попечения родителей, «Большелогский центр помощи детям»;ГКУСО РО Большелогский центр помощи детям;Ремишевская Ирина Алексеевна;346710,Ростовская область, Аксайский район, х. Большой Лог, ул. Советская,73;88635034030;http://ddbollog.ru/
Учреждение социального обслуживания центр помощи детям, оставшимся без попечения родителей;Государственное казенное учреждение социального обслуживания Ростовской области центр помощи детям, оставшимся без попечения родителей, «Гусевский центр помощи детям»;ГКУСО РО Гусевский центр помощи детям;Донченко Ольга Владимировна;346005, Ростовская область, Чертковский район, х.Гусев, ул.Центральная,1.;8(863) 87 47588, 47590;http://gcpd.edu61.ru
Учреждение социального обслуживания центр помощи детям, оставшимся без попечения родителей;Государственное казенное учреждение социального обслуживания Ростовской области центр помощи детям, оставшимся без попечения родителей, «Донецкий центр помощи детям»;ГКУСО РО Донецкий центр помощи детям;Жидкова Татьяна Александровна;346330, Ростовская область, г. Донецк, пер. Карбышева, 32;(86368) 2-75-88;http://detdomdonetsk.ru/
Учреждение социального обслуживания центр помощи детям, оставшимся без попечения родителей;Государственное казенное учреждение социального обслуживания Ростовской области центр помощи детям, оставшимся без попечения родителей, «Ёлкинский центр помощи детям»;ГКУСО РО Ёлкинский центр помощи детям;Галатова Маргарита Ивановна;346621, ул. Тимирязева 1, х. Ёлкин,  Багаевский район, Ростовская область;(86357) 41-5-36;http://cpd-elkin.ru/
Учреждение социального обслуживания центр помощи детям, оставшимся без попечения родителей;Государственное казенное учреждение социального обслуживания Ростовской области центр помощи детям, оставшимся без попечения родителей, «Ерофеевский центр помощи детям»;ГКУСО РО Ерофеевский центр помощи детям;Зинова Галина Владимировна;"346060, Ростовская область, Тарасовский район, 
х. Ерофеевка, ул. Школьная,17
";8-(863-86)-38-1-37;http://cpd-erofeevka.ru
Учреждение социального обслуживания центр помощи детям, оставшимся без попечения родителей;Государственное казенное учреждение социального обслуживания Ростовской области центр помощи детям, оставшимся без попечения родителей, «Зверевский центр помощи детям»;ГКУСО РО Зверевский центр помощи детям;Бобкина Елена Владимировна;346311, г.Зверево, ул.Космонавтов, 20, Ростовская область;8 ( 863 55) 4 - 23 - 39;http://ddzverevo.edusite.ru
Учреждение социального обслуживания центр помощи детям, оставшимся без попечения родителей;Государственное казенное учреждение социального обслуживания Ростовской области центр помощи детям, оставшимся без попечения родителей, «Кочетовский центр помощи детям»;ГКУСО РО Кочетовский центр помощи детям;Никитченко Любовь Михайловна;346633, Ростовская обл., Семикаракорский р-он, ст. Кочетовская, Переулок 11, 24;8(863 56)2 36 66;http://цпд-кочетовский.рф/
Учреждение социального обслуживания центр помощи детям, оставшимся без попечения родителей;Государственное казенное учреждение социального обслуживания Ростовской области центр помощи детям, оставшимся без попечения родителей, «Мясниковский центр помощи детям с ограниченными возможностями здоровья»;ГКУСО РО Мясниковский центр помощи детям с ограниченными возможностями здоровья;Берекчиян Нина Михайловна;346800 Ростовская обл, Мясниковский район. с.Чалтырь, ул Карла Маркса, 29;"(8-863-49)2-11-41; 2-11-45;2-38-06";http://centr-arevik.ru
Учреждение социального обслуживания центр помощи детям, оставшимся без попечения родителей;Государственное казенное учреждение социального обслуживания Ростовской области центр помощи детям, оставшимся без попечения родителей, «Новочеркасский центр помощи детям № 1»;ГКУСО РО Новочеркасский центр помощи детям № 1;Лаптева Эльвира Николаевна;346410 Ростовская область, Г. Новочеркасск, ул. Грекова,110;8(8635)24-02-44;http://novotch-detdom1.ru/
Учреждение социального обслуживания центр помощи детям, оставшимся без попечения родителей;Государственное казенное учреждение социального обслуживания Ростовской области центр помощи детям, оставшимся без попечения родителей, «Новочеркасский центр помощи детям № 8»;ГКУСО РО Новочеркасский центр помощи детям № 8;Тёмина Лариса Валентиновна;346410, Ростовская обл., г. Новочеркасск, ул. им. генерала А.И. Лебедя, 17;(8635)24 22 94;http://ncpd8.ucoz.site
Учреждение социального обслуживания центр помощи детям, оставшимся без попечения родителей;Государственное казенное учреждение социального обслуживания Ростовской области центр помощи детям, оставшимся без попечения родителей, «Новошахтинский центр помощи детям»;ГКУСО РО Новошахтинский центр помощи детям;Шатохина Елена Анатольевна;ул. Садовая, 23 г.Новошахтинск;88636921306;https://detdom1-nov.ucoz.ru/
Учреждение социального обслуживания центр помощи детям, оставшимся без попечения родителей;Государственное казенное учреждение социального обслуживания Ростовской области центр помощи детям, оставшимся без попечения родителей, «Островянский центр помощи детям»;ГКУСО РО Островянский центр помощи детям;Дубко Людмила Григорьевна;347523 Ростовская область Орловский район х. Островянский ул. Советская,21;886375 44175;http://ostrov-cpd.ru/
Учреждение социального обслуживания центр помощи детям, оставшимся без попечения родителей;Государственное казенное учреждение социального обслуживания Ростовской области центр помощи детям, оставшимся без попечения родителей, «Ростовский центр помощи детям № 10»;ГКУСО РО Ростовский центр помощи детям № 10;Черная Ольга Николаевна;344020, г.Ростов-на-Дону ул.Грисенко, д.19;(863)2111173, (863)2522574;http://detdom10-rostov.ru/
Учреждение социального обслуживания центр помощи детям, оставшимся без попечения родителей;Государственное казенное учреждение социального обслуживания Ростовской области центр помощи детям, оставшимся без попечения родителей, «Ростовский центр помощи детям № 7»;ГКУСО РО Ростовский центр помощи детям № 7;Тимко Ольга Ивановна;"344095,

г. Ростов-на-Дону, ул. Вятская,37/4";тел.(863)252-76-70 Тел/факс:252-69-23, тел:252-77-64;https://дд7ростов.рф
Учреждение социального обслуживания центр помощи детям, оставшимся без попечения родителей;Государственное казенное учреждение социального обслуживания Ростовской области центр помощи детям, оставшимся без попечения родителей, «Ростовский центр помощи детям с ограниченными возможностями здоровья № 4»;ГКУСО РО Ростовский центр помощи детям № 4;Гривнак Наталья Александровна;г.Ростов-на-Дону, переулок Дальний, 17;8(863)234-04-33;http://dondetdom4.ru/
Учреждение социального обслуживания центр помощи детям, оставшимся без попечения родителей;Государственное казенное учреждение социального обслуживания Ростовской области центр помощи детям, оставшимся без попечения родителей, «Сандатовский центр помощи детям»;ГКУСО РО Сандатовский центр помощи детям;Белик Наталья Михайловна;347612, Ростовская область, Сальский район, с. Сандата, ул. Полевая,9;8(863-72) 4-84-01, (863-72)4-84-05;http://du-sandata.ru/
Учреждение социального обслуживания центр помощи детям, оставшимся без попечения родителей;Государственное казенное учреждение социального обслуживания Ростовской области центр помощи детям, оставшимся без попечения родителей, «Сулинский центр помощи детям»;ГКУСО РО Сулинский центр помощи детям;Костюкова Светлана Евгеньевна;346112 пер. Западный дом 1  х. Сулин Миллеровского района Ростовской области;8(86385)54683, 8(86385)54696;http://sulin-dd.gauro-riacro.ru
Учреждение социального обслуживания центр помощи детям, оставшимся без попечения родителей;Государственное казенное учреждение социального обслуживания Ростовской области центр помощи детям, оставшимся без попечения родителей, «Таганрогский центр помощи детям № 3»;ГКУСО РО Таганрогский центр помощи детям № 3;Попова Ирина Александровна;"4-й Линейный проезд, 146-а, Таганрог, Ростовская область, Россия;
Индекс 347917;";"324-711, 313-139;";http://тцпд3.рф
Учреждение социального обслуживания центр помощи детям, оставшимся без попечения родителей;Государственное казенное учреждение социального обслуживания Ростовской области центр помощи детям, оставшимся без попечения родителей, «Таганрогский центр помощи детям № 5»;ГКУСО РО Таганрогский центр помощи детям № 5;Чекаленко Елена Сергеевна;347923, г. Таганрог, ул. Свободы, 17 - 3;88634643460;http://super-kids.ucoz.ru/
Учреждение социального обслуживания центр помощи детям, оставшимся без попечения родителей;Государственное казенное учреждение социального обслуживания Ростовской области центр помощи детям, оставшимся без попечения родителей, «Таганрогский центр помощи детям № 7»;ГКУСО РО Таганрогский центр помощи детям № 7;Поленова Светлана Валентиновна;"347905, г. Таганрог, ул. Заводская, 7,

(863-4) 62-24-11

62-24-12";8(8634)62-24-12;http://myideti.sochost.ru/
Учреждение социального обслуживания центр помощи детям, оставшимся без попечения родителей;Государственное казенное учреждение социального обслуживания Ростовской области центр помощи детям, оставшимся без попечения родителей, «Шахтинский центр помощи детям № 1»;ГКУСО РО Шахтинский центр помощи детям № 1;Дорошенко Алла Юрьевна;346500 Ростовская область г.Шахты , ул.Шевченко, дом 113;88636227761, 88636223197;http://dd61.ru/
Учреждение социального обслуживания центр помощи детям, оставшимся без попечения родителей;Государственное казенное учреждение социального обслуживания Ростовской области центр помощи детям, оставшимся без попечения родителей, «Шахтинский центр помощи детям № 3»;ГКУСО РО Шахтинский центр помощи детям № 3;Бродовская Виктория Олеговна;346506,г. Шахты,улица Обуховой 2-б;(8636) 23 45 65, (8636) 23 40 62;http://www.domdetei-shakhty.ru/
Учреждение социального обслуживания центр помощи детям, оставшимся без попечения родителей;Государственное казенное учреждение социального обслуживания Ростовской области центр помощи детям, оставшимся без попечения родителей, «Шолоховский центр помощи детям»;ГКУСО РО Шолоховский центр помощи детям;Королёва Наталья Сергеевна;346266, Ростовская область, Шолоховский район, х. Калининский, ул. Центральная, 25;8(86353)73566, 8(86353)73553;http://detdomkalin.ucoz.net
